-- Tao bang san pham
CREATE TABLE Sanpham (
  masp NCHAR(10) PRIMARY KEY,
   mahangsx NCHAR(10) REFERENCES Hangsx(mahangsx),
  tensp NVARCHAR(20),
  soluong INT,
  mausac NVARCHAR(20),
  giaban MONEY,
  donvitinh NCHAR(10),
  mota NVARCHAR(MAX)
);
-- tao bang hangsx
CREATE TABLE Hangsx (
  mahangsx NCHAR(10) PRIMARY KEY,
  tenhang NVARCHAR(20),
  diachi NVARCHAR(30),
  sodt NVARCHAR(20),
  email NVARCHAR(30)
);
-- tao bang nhanvien
CREATE TABLE Nhanvien (
  manv NCHAR(10) PRIMARY KEY,
  tennv NVARCHAR(20),
  gioitinh NCHAR(10),
  diachi NVARCHAR(30),
  sodt NVARCHAR(20),
  email NVARCHAR(30),
  phong NVARCHAR(30)
);
-- tao bang nhap
CREATE TABLE Nhap (
  sohdn NCHAR(10) PRIMARY KEY,
  masp NCHAR(10) REFERENCES Sanpham(masp),
  manv NCHAR(10) REFERENCES Nhanvien(manv),
  ngaynhap DATE,
  soluongN INT,
  dongiaN MONEY
);
-- tao bang xuat
CREATE TABLE Xuat (
  sohdx NCHAR(10) PRIMARY KEY,
  masp NCHAR(10) REFERENCES Sanpham(masp),
  manv NCHAR(10) REFERENCES Nhanvien(manv),
  ngayxuat DATE,
  soluongX INT
);
-- insert vao hangsx
INSERT INTO Hangsx VALUES
('H01', 'Samsung', 'Korea', '011-08271717', 'ss@gmail.com.kr'),
('H02', 'OPPO', 'China', '081-08626262', 'oppo@gmail.com.cn'),
('H03', 'Vinfone', 'Việt Nam', '084-098262626', 'vf@gmail.com.vn');
-- insert vao nhanvien
INSERT INTO Nhanvien VALUES
('NV01', 'Nguyễn Thị Thu', 'Nữ', 'Hà Nội', '0982626521', 'thu@gmail.com', 'Kế toán'),
('NV02', 'Lê Văn Nam', 'Nam', 'Bắc Ninh', '0972525252', 'nam@gmail.com', 'Vật tư'),
('NV03', 'Trần Hòa Bình', 'Nữ', 'Hà Nội', '0328388388', 'hb@gmail.com', 'Kế toán');
-- insert vao sanpham
INSERT INTO Sanpham VALUES
('SP01', 'H02', 'F1 Plus', 100, 'Xám', 7000000, 'Chiếc', 'Hàng cận cao cấp'),
('SP02', 'H01', 'Galaxy Note11', 50, 'Đỏ', 19000000, 'Chiếc', 'Hàng cao cấp'),
('SP03', 'H02', 'F3 lite', 200, 'Nâu', 3000000, 'Chiếc', 'Hàng phổ thông'),
('SP04', 'H03', 'Vjoy3', 200, 'Xám', 1500000, 'Chiếc', 'Hàng phổ thông'),
('SP05', 'H01', 'Galaxy V21', 500, 'Nâu', 8000000, 'Chiếc', 'Hàng cận cao cấp');
-- insert vao nhap
INSERT INTO Nhap VALUES
('N01', 'SP02', 'NV01', '02-05-2019', 10, 17000000),
('N02', 'SP01','NV02','04-07-2020',30,6000000),
('N03', 'SP04','NV02','05-17-2020',20,1200000),
('N04', 'SP01','NV03','03-22-2020',10,6200000),
('N05', 'SP05','NV01','07-07-2020',20,7000000);
-- insert vao xuat
INSERT INTO Xuat VALUES
('X01', 'SP03', 'NV02', '06-14-2020', 5),
('X02', 'SP01', 'NV03', '03-05-2019', 3),
('X03', 'SP02', 'NV01', '12-12-2020', 1),
('X04', 'SP03', 'NV02', '06-02-2020', 2),
('X05', 'SP05', 'NV01', '05-18-2020', 1);